tema,nivell,pregunta,opcions,resposta,explicacio,actiu
1,1,$(+\infty) + (+\infty)$,$+\infty$|$-\infty$|$0$|Indeterminació,$+\infty$,,1
1,1,$(+\infty) - (+\infty)$,$+\infty$|$-\infty$|$0$|Indeterminació,Indeterminació,És una indeterminació del tipus $\infty - \infty$: cal transformar l'expressió abans de calcular el límit.,1
1,1,$(-\infty) \cdot (-\infty)$,$+\infty$|$-\infty$|$0$|Indeterminació,$+\infty$,El producte de dos infinits del mateix signe és $+\infty$.,1
1,1,$\dfrac{5}{+\infty}$,$+\infty$|$-\infty$|$0$|Indeterminació,$0$,Una constant dividida per una quantitat que creix sense fita tendeix a 0.,1
1,1,$\dfrac{+\infty}{5}$,$+\infty$|$-\infty$|$0$|Indeterminació,$+\infty$,,1
1,1,$(-3) \cdot (+\infty)$,$+\infty$|$-\infty$|$0$|Indeterminació,$-\infty$,,1
1,1,$\dfrac{-\infty}{-5}$,$+\infty$|$-\infty$|$0$|Indeterminació,$+\infty$,"En dividir per un nombre negatiu, l'infinit canvia de signe.",1
1,1,$(-\infty) + 1000$,$+\infty$|$-\infty$|$0$|Indeterminació,$-\infty$,Sumar una constant no altera el comportament: la successió continua divergint a $-\infty$.,1
1,1,$\dfrac{+\infty}{-4}$,$+\infty$|$-\infty$|$0$|Indeterminació,$-\infty$,"En dividir per un nombre negatiu, l'infinit canvia de signe.",1
1,1,$(-\infty) \cdot (+\infty)$,$+\infty$|$-\infty$|$0$|Indeterminació,$-\infty$,,1
1,1,$\Lim(3n^2 - 5n + 1)$,$+\infty$|$-\infty$|$0$|Indeterminació,$+\infty$,"El límit d'un polinomi el determina el terme de grau més gran, $3n^2$.",1
1,1,$\Lim(-2n^3 + n)$,$+\infty$|$-\infty$|$0$|Indeterminació,$-\infty$,"El terme de grau més gran és $-2n^3$, de coeficient negatiu.",1
1,1,$\Lim(7 - 4n)$,$+\infty$|$-\infty$|$0$|Indeterminació,$-\infty$,,1
1,1,$\Lim(-n^2 + 100n)$,$+\infty$|$-\infty$|$0$|Indeterminació,$-\infty$,$-n^2$ és de grau superior a $100n$: és el terme que determina el límit.,1
1,1,$\Lim\dfrac{3n+1}{n-2}$,,3,Numerador i denominador tenen el mateix grau: el límit és el quocient dels coeficients principals.,1
1,1,$\Lim\dfrac{2n^2+1}{5n^2-n}$,$\dfrac{2}{5}$|$\dfrac{5}{2}$|$0$|$+\infty$,$\dfrac{2}{5}$,"Mateix grau: el límit és el quocient dels coeficients principals, $\dfrac{2}{5}$.",1
1,1,$\Lim\dfrac{n+4}{n^2+1}$,$0^+$|$0^-$|$1$|$+\infty$,$0^+$,"El grau del numerador (1) és menor que el del denominador (2), i tots els termes són positius.",1
1,1,$\Lim\dfrac{n^3}{2n^2+7}$,$+\infty$|$0$|$\dfrac{1}{2}$|$1$,$+\infty$,"El grau del numerador (3) és més gran que el del denominador (2), i els coeficients principals són positius.",1
1,1,$\Lim\dfrac{-5n^2+n}{2n^2+3}$,,-5/2,,1
1,1,$\Lim\dfrac{6n^4-n}{3n^4+2n^2}$,$2$|$\dfrac{1}{2}$|$3$|$+\infty$,$2$,,1
1,1,$\Lim\dfrac{4n^2+3}{-2n^3+1}$,$0^-$|$0^+$|$-2$|$-\infty$,$0^-$,"El grau del numerador és menor que el del denominador, i els termes són negatius perquè $-2n^3+1 < 0$.",1
1,1,$\Lim\dfrac{-n^3+2}{4n^2}$,$-\infty$|$0$|$-\dfrac{1}{4}$|$+\infty$,$-\infty$,,1
1,2,$\Lim\dfrac{(2n+1)^2}{n^2+n}$,,4,"Desenvolupant el quadrat, el numerador és $4n^2+4n+1$: mateix grau que el denominador.",1
1,2,$\Lim\dfrac{(n+1)(n-3)}{2n^2}$,$\dfrac{1}{2}$|$1$|$2$|$0$,$\dfrac{1}{2}$,,1
1,2,$\Lim\dfrac{3n^2}{(n+2)(2n-1)}$,,3/2,El denominador desenvolupat és $2n^2+3n-2$: mateix grau que el numerador.,1
1,1,$\Lim\dfrac{5n^3-n^2}{n^3+1}$,$5$|$\dfrac{1}{5}$|$0$|$+\infty$,$5$,,1
1,2,$\Lim\left(\sqrt{n^2+4n} - n\right)$,$2$|$1$|$4$|$0$,$2$,"Multipliquem i dividim pel conjugat: $\dfrac{4n}{\sqrt{n^2+4n}+n}$, i el denominador és equivalent a $2n$.",1
1,2,$\Lim\left(\sqrt{n^2+n} - n\right)$,,1/2,Multipliquem i dividim pel conjugat: queda $\dfrac{n}{\sqrt{n^2+n}+n}$.,1
1,2,$\Lim\left(\sqrt{n+5} - \sqrt{n}\right)$,$0^+$|$0^-$|$5$|$+\infty$,$0^+$,"Multipliquem i dividim pel conjugat: queda $\dfrac{5}{\sqrt{n+5}+\sqrt{n}}$, positiu i tendint a 0.",1
1,2,$\Lim\left(\sqrt{4n^2+n} - 2n\right)$,,1/4,Multipliquem i dividim pel conjugat: queda $\dfrac{n}{\sqrt{4n^2+n}+2n}$.,1
1,2,$\Lim\left(n - \sqrt{n^2+6n}\right)$,$-3$|$3$|$-6$|$0$,$-3$,"Multipliquem i dividim pel conjugat; com que restem l'arrel més gran, el resultat és negatiu.",1
1,2,$\Lim\left(\sqrt{n^2+3n} - \sqrt{n^2+n}\right)$,$1$|$2$|$\dfrac{1}{2}$|$0$,$1$,Multipliquem i dividim pel conjugat: $\dfrac{2n}{\sqrt{n^2+3n}+\sqrt{n^2+n}}$.,1
1,1,$\Lim\dfrac{\sqrt{n^2+1}}{n}$,$1$|$0$|$+\infty$|$\dfrac{1}{2}$,$1$,"$\sqrt{n^2+1}$ és equivalent a $n$, i per tant el quocient tendeix a 1.",1
1,1,$\Lim\dfrac{\sqrt{4n^2+1}}{n+1}$,$2$|$4$|$\dfrac{1}{2}$|$+\infty$,$2$,"$\sqrt{4n^2+1}$ és equivalent a $2n$, i el denominador, a $n$.",1
1,1,$\Lim\dfrac{\sqrt{n}}{n+1}$,$0^+$|$0^-$|$1$|$+\infty$,$0^+$,"L'arrel creix molt més a poc a poc que el denominador, i tots els termes són positius.",1
1,1,$\Lim\dfrac{n}{\sqrt{n^2+1}}$,$1$|$0$|$+\infty$|$-1$,$1$,,1
1,2,$\Lim\left(\dfrac{n^2}{n+1} - n\right)$,,-1,Fent la resta: $\dfrac{n^2-n(n+1)}{n+1} = \dfrac{-n}{n+1}$.,1
1,2,$\Lim\left(\dfrac{n^2}{n-1} - n\right)$,$1$|$-1$|$0$|$+\infty$,$1$,,1
1,2,$\Lim\left(\dfrac{n^2}{n+1} - \dfrac{n^2}{n+2}\right)$,$1$|$0$|$2$|$+\infty$,$1$,Restem les fraccions multiplicant els denominadors: $\dfrac{n^2}{n^2+3n+2}$.,1
1,2,$\Lim\left(\dfrac{2n^2+1}{n} - 2n\right)$,$0^+$|$0^-$|$2$|$+\infty$,$0^+$,"En fer la resta queda $\dfrac{1}{n}$, que és positiu.",1
1,2,$\Lim\left(\dfrac{n^2}{n-2} - \dfrac{n^2}{n+2}\right)$,,4,Restem les fraccions multiplicant els denominadors: $\dfrac{4n^2}{n^2-4}$.,1
1,2,$\Lim\left(\dfrac{3n^2}{n+1} - 3n\right)$,$-3$|$3$|$0$|$+\infty$,$-3$,,1
1,3,$\Lim\dfrac{(-1)^n}{n}$,$0$|$1$|$-1$|No existeix,$0$,"Els termes alternen de signe, però el seu valor absolut, $\dfrac{1}{n}$, tendeix a 0. Com que el signe va canviant, aquí no podem dir ni $0^+$ ni $0^-$.",1
1,1,$\Lim\dfrac{1}{n^2}$,$0^+$|$0^-$|$+\infty$|No existeix,$0^+$,El denominador creix sense fita i sempre és positiu.,1
1,1,$\Lim\left(5 + \dfrac{1}{n}\right)$,,5,,1
1,1,"$\Lim\,(-1)^n$",No existeix|$1$|$-1$|$0$,No existeix,Els termes alternen entre $1$ i $-1$: la successió no és convergent.,1
1,1,$\Lim\dfrac{3n-1}{3n+1}$,$1$|$0$|$3$|$-1$,$1$,,1
1,1,$\Lim\left(2 - \dfrac{3}{n}\right)$,,2,,1
1,2,$\Lim\left(\sqrt{n^2+3n} - \sqrt{n^2+2n}\right)$,,1/2,Multipliquem i dividim pel conjugat: $\dfrac{n}{\sqrt{n^2+3n}+\sqrt{n^2+2n}}$.,1
1,3,"$\Lim\, n\left(\sqrt{n^2+1} - n\right)$",$\dfrac{1}{2}$|$0$|$+\infty$|$1$,$\dfrac{1}{2}$,Multipliquem i dividim pel conjugat: queda $\dfrac{n}{\sqrt{n^2+1}+n}$.,1
1,2,$\Lim\left(3n - \sqrt{9n^2-n}\right)$,,1/6,Multipliquem i dividim pel conjugat: $\dfrac{n}{3n+\sqrt{9n^2-n}}$.,1
1,2,$\Lim\left(\dfrac{n^3}{n^2+1} - n\right)$,$0^-$|$0^+$|$-1$|$+\infty$,$0^-$,En fer la resta queda $\dfrac{-n}{n^2+1}$: tendeix a 0 i tots els termes són negatius.,1
1,2,$\Lim\left(\dfrac{(n+1)^2}{n} - n\right)$,,2,"$(n+1)^2 - n^2 = 2n+1$, de grau 1 com el denominador.",1
1,2,$\Lim\left(\sqrt{n^2+2n} - \sqrt{n^2-2n}\right)$,$2$|$4$|$1$|$0$,$2$,Multipliquem i dividim pel conjugat: $\dfrac{4n}{\sqrt{n^2+2n}+\sqrt{n^2-2n}}$.,1
1,1,$\Lim\dfrac{\sqrt{9n^2+1}}{\sqrt{n^2+4n}}$,$3$|$9$|$1$|$+\infty$,$3$,"$\sqrt{9n^2+1}$ és equivalent a $3n$ i $\sqrt{n^2+4n}$, a $n$.",1
1,2,$\Lim\left(\sqrt{n^2+n} - \sqrt{n^2+1}\right)$,,1/2,Multipliquem i dividim pel conjugat: $\dfrac{n-1}{\sqrt{n^2+n}+\sqrt{n^2+1}}$.,1
1,2,$\Lim\left(\dfrac{n^2-1}{n+1} - n\right)$,$-1$|$1$|$0$|$-\infty$,$-1$,Simplifiquem primer la fracció: $\dfrac{n^2-1}{n+1} = n-1$.,1
1,1,$\Lim\dfrac{\sqrt{n^2+n}}{\sqrt{4n^2+1}}$,$\dfrac{1}{2}$|$2$|$1$|$+\infty$,$\dfrac{1}{2}$,"$\sqrt{n^2+n}$ és equivalent a $n$ i $\sqrt{4n^2+1}$, a $2n$.",1
1,2,$\Lim\left(\dfrac{n^2+1}{n} - \dfrac{n^2}{n+1}\right)$,,1,Restem les fraccions multiplicant els denominadors: $\dfrac{n^2+n+1}{n^2+n}$.,1
1,1,"Si $a_n = 4n - 3$, quant val $a_5$?",,17,,1
1,1,"Si $a_n = n^2 - 3n + 2$, quant val $a_4$?",,6,,1
1,1,"A la successió $a_n = 4n - 3$, quin lloc ocupa el terme $25$?",,7,Resolent $4n-3=25$ obtenim $n=7$.,1
1,1,És $24$ un terme de $b_n = 2n + 5$?,No|Sí,No,"$2n+5=24$ dona $n=9{,}5$, que no és un nombre natural.",1
1,1,$\Lim\dfrac{3n^2+5}{5n^4-n}$,$0^+$|$0^-$|$+\infty$|$-\infty$,$0^+$,"El grau del numerador és menor que el del denominador, i tots els termes són positius.",1
1,1,$\Lim\dfrac{-2n^3+n}{4n^5+2}$,$0^+$|$0^-$|$+\infty$|$-\infty$,$0^-$,"El grau del numerador és menor que el del denominador, i tots els termes són negatius.",1
1,1,$\Lim\dfrac{7n-1}{3n^6+1}$,$0^+$|$0^-$|$+\infty$|$-\infty$,$0^+$,,1
1,1,$\Lim\dfrac{-5n^2+4}{6n^5-2n}$,$0^+$|$0^-$|$+\infty$|$-\infty$,$0^-$,,1
1,1,$\Lim\dfrac{n^2-36}{n^2-12n+36}$,$1$|$0$|$+\infty$|$-1$,$1$,"Numerador i denominador tenen el mateix grau, i tots dos coeficients principals valen 1.",1
1,1,$\Lim\dfrac{3n^2+13n+14}{5n^2+11n+2}$,,3/5,,1
1,1,$\Lim\left(\sqrt{n+5} - 2\right)$,$+\infty$|$-\infty$|$0$|Indeterminació,$+\infty$,No hi ha indeterminació: $\sqrt{n+5}$ divergeix a $+\infty$ i el 2 és una constant.,1
1,2,$\Lim\left(3n - \sqrt{n^2+1}\right)$,$+\infty$|$-\infty$|$0$|Indeterminació,$+\infty$,"No hi ha indeterminació: $3n$ és de grau 1 amb coeficient 3, i $\sqrt{n^2+1}$ és equivalent a $n$.",1
1,1,$\Lim\sqrt{4n^2-3n+2}$,$+\infty$|$-\infty$|$0$|Indeterminació,$+\infty$,,1
1,1,$\Lim\left(5 - \sqrt{n+1}\right)$,$+\infty$|$-\infty$|$0$|Indeterminació,$-\infty$,,1
1,2,$\Lim\dfrac{n^3-n}{\sqrt{n^6+1}}$,$1$|$0$|$+\infty$|$-1$,$1$,$\sqrt{n^6+1}$ és equivalent a $n^3$: numerador i denominador tenen el mateix grau.,1
1,2,$\Lim\left(\dfrac{2n^4}{n-1} + n^3\right)$,$+\infty$|$-\infty$|$0$|Indeterminació,$+\infty$,Tots dos sumands divergeixen a $+\infty$: no hi ha indeterminació.,1
1,2,$\Lim\left(\dfrac{3n^2}{n^2+1} : \dfrac{5-n}{n^2+1}\right)$,$+\infty$|$-\infty$|$0$|Indeterminació,$-\infty$,"El primer tros tendeix a $3$ i el segon a $0^-$, i $3 : 0^- = -\infty$.",1
1,2,$\Lim\left(\dfrac{3n^2+2}{1-n^2} \cdot \dfrac{n^2+4}{5}\right)$,$+\infty$|$-\infty$|$0$|Indeterminació,$-\infty$,El primer factor tendeix a $-3$ i el segon divergeix a $+\infty$.,1
1,1,$\Lim 4^n$,$+\infty$|$-\infty$|$0$|No existeix,$+\infty$,La base és més gran que 1 i la potència creix sense fita.,1
1,1,$\Lim 7^{-n}$,$+\infty$|$-\infty$|$0$|No existeix,$0$,"$7^{-n} = \dfrac{1}{7^n}$, i el denominador creix sense fita.",1
1,1,"$\Lim 0{,}8^{\,n}$",$+\infty$|$-\infty$|$0$|No existeix,$0$,La base està compresa entre 0 i 1.,1
1,1,$\Lim\left(\dfrac{1}{4}\right)^{-n}$,$+\infty$|$-\infty$|$0$|No existeix,$+\infty$,Un exponent negatiu inverteix la base: $\left(\dfrac{1}{4}\right)^{-n} = 4^n$.,1
1,2,"$\Lim\,(-0{,}7)^n$",$+\infty$|$-\infty$|$0$|No existeix,$0$,"Els termes alternen de signe, però com que $|-0{,}7| < 1$ el valor absolut tendeix a 0.",1
1,2,$\Lim\left(-\dfrac{3}{2}\right)^n$,$+\infty$|$-\infty$|$0$|No existeix,No existeix,El valor absolut de la base és més gran que 1 i el signe alterna: la successió no és convergent.,1
1,1,$\Lim 1^n$,$1$|$0$|$+\infty$|Indeterminació,$1$,És la successió constant igual a 1.,1
1,1,$\Lim\left(\dfrac{5}{3}\right)^{-n}$,$+\infty$|$-\infty$|$0$|No existeix,$0$,"$\left(\dfrac{5}{3}\right)^{-n} = \left(\dfrac{3}{5}\right)^n$, amb la base entre 0 i 1.",1
1,1,"$\Lim\,(3n+1)^4$",$+\infty$|$-\infty$|$0$|No existeix,$+\infty$,,1
1,2,"$\Lim\,(n^2-5)^{-2}$",$0^+$|$0^-$|$+\infty$|No existeix,$0^+$,És $\dfrac{1}{(n^2-5)^2}$: el denominador creix sense fita i sempre és positiu.,1
1,1,"$\Lim\,(1-n^2)^3$",$+\infty$|$-\infty$|$0$|No existeix,$-\infty$,La base divergeix a $-\infty$ i l'exponent és senar.,1
1,2,$\Lim\dfrac{1}{(5-2n)^3}$,$0^-$|$0^+$|$+\infty$|$-\infty$,$0^-$,El denominador $(5-2n)^3$ creix en valor absolut i és negatiu.,1
1,1,"$\Lim\,(2-3n)^4$",$+\infty$|$-\infty$|$0$|No existeix,$+\infty$,"La base divergeix a $-\infty$, però l'exponent parell fa que el resultat sigui positiu.",1
1,3,"$\Lim\,(-n)^{4n}$",$+\infty$|$-\infty$|$0$|No existeix,$+\infty$,L'exponent $4n$ és parell per a qualsevol valor de $n$.,1
1,3,"$\Lim\,(-n)^{3n}$",$+\infty$|$-\infty$|$0$|No existeix,No existeix,"$3n$ té la mateixa paritat que $n$: els termes van alternant entre $+\infty$ i $-\infty$, i la successió no té límit.",1
1,3,$\Lim\left(\dfrac{-2n+1}{n}\right)^{2n}$,$+\infty$|$-\infty$|$0$|No existeix,$+\infty$,"La base tendeix a $-2$, de valor absolut més gran que 1, i l'exponent $2n$ sempre és parell.",1
1,1,$\Lim\left(1+\dfrac{1}{n}\right)^n$,$e$|$1$|$+\infty$|$e^2$,$e$,És la definició del nombre $e$.,0
1,2,$\Lim\left(1+\dfrac{3}{n}\right)^n$,$e^3$|$e$|$3e$|$e^{1/3}$,$e^3$,,0
1,2,$\Lim\left(1-\dfrac{2}{n}\right)^n$,$e^{-2}$|$e^2$|$-e^2$|$1$,$e^{-2}$,,0
1,3,$\Lim\left(1+\dfrac{5}{n}\right)^{2n}$,$e^{10}$|$e^5$|$e^{2}$|$2e^5$,$e^{10}$,"L'exponent del resultat és $\Lim\, 2n \cdot \dfrac{5}{n} = 10$.",0
1,2,$\Lim\left(\dfrac{n+5}{n+3}\right)^{n}$,$e^2$|$e$|$1$|$e^5$,$e^2$,"L'exponent del resultat és $\Lim\, n\left(\dfrac{n+5}{n+3}-1\right) = 2$.",0
1,3,$\Lim\left(\dfrac{n+2}{n-1}\right)^{n}$,$e^3$|$e$|$e^{-3}$|$1$,$e^3$,,0
1,3,$\Lim\left(\dfrac{2n+1}{2n+3}\right)^{n}$,$e^{-1}$|$e$|$1$|$e^{-2}$,$e^{-1}$,,0
1,3,$\Lim\left(1+\dfrac{1}{n^2}\right)^{n}$,$1$|$e$|$e^2$|$+\infty$,$1$,"L'exponent del resultat és $\Lim\, \dfrac{n}{n^2} = 0$, i $e^0 = 1$.",0
1,1,Quin tipus de progressió és $a_n = 3n + 5$?,Aritmètica|Geomètrica|Cap de les dues,Aritmètica,La diferència entre dos termes consecutius és constant i val 3.,1
1,1,Quin tipus de progressió és $a_n = 2^n$?,Aritmètica|Geomètrica|Cap de les dues,Geomètrica,El quocient entre dos termes consecutius és constant i val 2.,1
1,2,Quin tipus de progressió és $a_n = n^2$?,Aritmètica|Geomètrica|Cap de les dues,Cap de les dues,"Els termes són $1, 4, 9, 16\ldots$: ni la diferència ni el quocient de termes consecutius és constant.",1
1,1,Quin tipus de progressió és $a_n = 7 - 4n$?,Aritmètica|Geomètrica|Cap de les dues,Aritmètica,,1
1,1,Quin tipus de progressió és $a_n = 5 \cdot 3^n$?,Aritmètica|Geomètrica|Cap de les dues,Geomètrica,,1
1,2,Quin tipus de progressió és $a_n = \dfrac{n}{n+1}$?,Aritmètica|Geomètrica|Cap de les dues,Cap de les dues,"Els termes són $\tfrac{1}{2}, \tfrac{2}{3}, \tfrac{3}{4}\ldots$: ni la diferència ni el quocient és constant.",1
1,1,Quina és la diferència de la progressió $a_n = 7 - 4n$?,,-4,"En una progressió aritmètica, la diferència és el coeficient de $n$.",1
1,1,Quina és la raó de la progressió $a_n = 5 \cdot 3^n$?,,3,"En una progressió geomètrica, la raó és la base de la potència.",1
1,2,Quina és la diferència de la progressió $a_n = \dfrac{n+3}{2}$?,,"1/2|0,5","Els termes són $2, \tfrac{5}{2}, 3\ldots$: la diferència és constant.",1
1,2,Quina és la raó de la progressió $a_n = \dfrac{2^n}{5}$?,,2,"Els termes són $\tfrac{2}{5}, \tfrac{4}{5}, \tfrac{8}{5}\ldots$: el quocient és constant.",1
1,2,Troba $k$ perquè $\Lim\dfrac{kn^2+3}{2n^2-1} = 4$.,,8,Mateix grau: el límit és $\dfrac{k}{2}$.,1
1,2,Troba $k$ perquè $\Lim\dfrac{3n^2+n}{kn^2+5} = \dfrac{1}{2}$.,,6,Mateix grau: el límit és $\dfrac{3}{k}$.,1
1,3,Troba $k$ perquè $\Lim\dfrac{(k+1)n^3+n}{2n^3-5} = 3$.,,5,Mateix grau: el límit és $\dfrac{k+1}{2}$.,1
1,3,Troba $k$ perquè $\Lim\dfrac{kn+1}{n-3} = -5$.,,-5,,1
1,3,Troba $k$ perquè $\Lim\left(\sqrt{kn^2+n} - 3n\right)$ sigui un nombre real.,,9,"Perquè el límit sigui finit, les dues expressions han de créixer igual: $\sqrt{k} = 3$.",1
1,3,Troba $k$ perquè $\Lim\left(\dfrac{n^2}{n+1} - \dfrac{n^2+kn}{n+2}\right) = -2$.,,3,"Restant les fraccions amb el producte dels denominadors, el límit queda $1-k$.",1
1,3,"Per a quins valors de $k$ és $\Lim\, n^{\,k-2} = 0$?",$k < 2$|$k > 2$|$k = 2$|Cap,$k < 2$,"Perquè una potència de $n$ tendeixi a 0, l'exponent ha de ser negatiu.",1
1,3,Quin valor ha de tenir $k$ perquè $\Lim\dfrac{n^2+kn+1}{3n^2-2} = \dfrac{1}{3}$?,Qualsevol valor de $k$|$k = 0$|$k = 1$|No n'hi ha cap,Qualsevol valor de $k$,"Numerador i denominador tenen el mateix grau: el límit només depèn dels coeficients principals, i $k$ no hi intervé.",1
1,3,Troba $k$ perquè $\Lim\dfrac{2n^{k}+n}{5n^4-1} = \dfrac{2}{5}$.,,4,"Perquè el límit sigui el quocient dels coeficients principals, numerador i denominador han de tenir el mateix grau.",1
1,3,Troba $k$ perquè $\Lim\dfrac{5n^3-1}{2n^{k}+7} = \dfrac{5}{2}$.,,3,Numerador i denominador han de tenir el mateix grau.,1
1,3,Troba $k$ perquè $\Lim\dfrac{4n^{k+1}}{n^5+2} = 4$.,,4,Cal que $k+1 = 5$.,1
1,3,Troba $k$ perquè $\Lim\dfrac{n^{k-1}}{3n^2+n} = \dfrac{1}{3}$.,,3,Cal que $k-1 = 2$.,1
1,3,Troba $k$ perquè $\Lim\dfrac{n^{2k}}{n^8-1} = 1$.,,4,Cal que $2k = 8$.,1
1,3,Troba $k$ perquè $\Lim\dfrac{n^{k}+3}{n^2+1}$ sigui un nombre real diferent de zero.,,2,"Si el grau del numerador fos menor, el límit seria 0; si fos més gran, infinit.",1
1,3,Per a quins valors de $k$ és $\Lim\dfrac{n^{k}}{n^3+1} = 0$?,$k < 3$|$k > 3$|$k = 3$|Qualsevol valor de $k$,$k < 3$,El grau del numerador ha de ser menor que el del denominador.,1
1,3,Per a quins valors de $k$ és $\Lim\dfrac{2n^{k}+1}{n^3+n} = +\infty$?,$k > 3$|$k < 3$|$k = 3$|Cap,$k > 3$,El grau del numerador ha de ser més gran que el del denominador.,1
